{"cameraMode":{"drawMode":0,"name":"Shaded","section":"Shading Mode"},"sceneLighting":false,"audioPlay":false,"sceneViewState":{"showFog":true,"showMaterialUpdate":false,"showSkybox":false,"showFlares":true,"showImageEffects":true,"showParticleSystems":true},"in2DMode":false,"pivot":{"x":2.0199999809265138,"y":9.732526779174805,"z":-23.639999389648439},"rotation":{"x":0.09320282191038132,"y":-0.4828490614891052,"z":0.05177273973822594,"w":0.8692994713783264},"size":22.0,"orthographic":false}