{"cameraMode":{"drawMode":0,"name":"Shaded","section":"Shading Mode"},"sceneLighting":false,"audioPlay":false,"sceneViewState":{"showFog":true,"showMaterialUpdate":false,"showSkybox":false,"showFlares":true,"showImageEffects":true,"showParticleSystems":true},"in2DMode":false,"pivot":{"x":-0.005719661712646484,"y":0.02598535269498825,"z":0.056410372257232669},"rotation":{"x":-0.12662649154663087,"y":-0.11372251063585282,"z":0.014601774513721466,"w":-0.9853376150131226},"size":2.1602470874786379,"orthographic":false}